block_id,cluster_sequence
blk_1002945451269828722,[1]
blk_1018961650823645078,[7]
blk_1021828391502582165,[2]
blk_102441832197223997,[4]
blk_1043487525777829194,[10]
blk_1057763407402503745,[4]
blk_1060814796407897179,[3]
blk_1064470652608359218,[3]
blk_1074754942323612586,[4]
blk_107727140948970996,[7]
blk_1077394056781488,[1]
blk_1078000656626961731,[8]
blk_1102735311308675356,[10]
blk_1104376461837247304,[5]
blk_111759050707136656,[2]
blk_1119272693889755844,[2]
blk_1122812501843755360,[4]
blk_1129715194117079802,[2]
blk_1144571179430079218,[7]
blk_1150231966878829887,[6]
blk_1151012386083696649,[2]
blk_1155029843511109085,[1]
blk_1184972950286241114,[7]
blk_1188202922232921994,[3]
blk_1190791818440776717,[3]
blk_1200136320542454615,[8]
blk_120277101968534224,[3]
blk_1213582438865696738,[7]
blk_1216611589160220108,[1]
blk_1247599917761164561,[3]
blk_1253515519191706153,[5]
blk_1259893634804870815,[1]
blk_1275198635723397883,[10]
blk_1279439901767890758,[1]
blk_1302893891174665780,[10]
blk_1303107722036031233,[2]
blk_1321799290531408498,[4]
blk_1345503778930512538,[4]
blk_1349228381785843634,[1]
blk_1350741653957819140,[7]
blk_1369784431092292099,[7]
blk_1379455396847512711,[7]
blk_1389634598105954660,[2]
blk_1394107495884949139,[4]
blk_1407935810673971357,[4]
blk_1408672604432845193,[1]
blk_1411218759880637753,[3]
blk_1441315972355360459,[2]
blk_1447281351164457761,[2]
blk_1463530401988623658,[4]
blk_1473949624670719319,[13]
blk_1481009974400305784,[10]
blk_1483582953997932733,[7]
blk_148513789886825227,[4]
blk_1489031087420498797,[3]
blk_1498192967843651378,[3]
blk_1508705816376906895,[1]
blk_1512136249403454074,[4]
blk_1512923509505250283,[2]
blk_1526403491950199810,[2]
blk_153508158653341141,[7]
blk_1543605971733759530,[10]
blk_155320394753274773,[3]
blk_1553688227908800900,[7]
blk_1561008813520212225,[3]
blk_157913239647511296,[1]
blk_1584196996810164915,[6]
blk_1587615395786683981,[7]
blk_1589878256898761558,[2]
blk_1594026090263820445,[2]
blk_1598414622053793245,[8]
blk_1600228140214754078,[3]
blk_1606295458729964667,[4]
blk_1636660629634995787,[2]
blk_1639683981444528748,[1]
blk_1646534811870220828,[9]
blk_1646909113279517647,[3]
blk_1649162819905816843,[6]
blk_165707910410871749,[1]
blk_166171721314010075,[10]
blk_167132135416677587,[17]
blk_1683075246463470765,[9]
blk_1686195200514944346,[9]
blk_1689772850125323349,[7]
blk_1692958087244489888,[7]
blk_1714886759174770356,[10]
blk_1724757848743533110,[4]
blk_1727371778357941761,[4]
blk_1744485040428751334,[4]
blk_1746384029810476219,[7]
blk_1756478622414930264,[2]
blk_1777689952069868672,[10]
blk_1779145401405339993,[2]
blk_1781953582842324563,[7]
blk_1793140687921032046,[2]
blk_1815340037591016775,[10]
blk_1824928871191121429,[7]
blk_1828089683746536118,[3]
blk_1832308388558480,[5]
blk_1833093108290599780,[2]
blk_1838564958520120941,[7]
blk_1858805942071850133,[5]
blk_1859772752119590543,[4]
blk_1865953191447352631,[2]
blk_1869228153483717375,[4]
blk_1910039736720341651,[9]
blk_1910319264393500537,[5]
blk_1920931690498309324,[7]
blk_1927336911952959118,[1]
blk_1960893136630391966,[10]
blk_1979447750586388860,[10]
blk_1997668456720275587,[1]
blk_2015610615789582788,[2]
blk_2016964533702776852,[1]
blk_2026200052147887341,[1]
blk_2028803850179311599,[1]
blk_2038610753592374847,[8]
blk_2039230511363331616,[8]
blk_2040222317555585426,[1]
blk_2059389709317340334,[2]
blk_2060553104861908174,[10]
blk_2063252936853409868,[3]
blk_207875475387433291,[2]
blk_2080318574920472813,[4]
blk_2084123600915946046,[5]
blk_2089955821703690032,[1]
blk_2096030750186708493,[1]
blk_2096199637324483321,[1]
blk_2096692261399680562,[5]
blk_2101007907134483259,[9]
blk_2107487634698646045,[7]
blk_2111886617384066018,[1]
blk_2113880130496815041,[2]
blk_2119401975697524206,[2]
blk_2128110944185709079,[1]
blk_2139707931694085102,[9]
blk_2147212041377545584,[4]
blk_2149728827322918746,[10]
blk_2151150262081352617,[1]
blk_2154193600525549460,[10]
blk_215466486430758887,[1]
blk_2156262111024914941,[7]
blk_2157471834570224881,[3]
blk_2166777223671724319,[4]
blk_2180875151184358991,[7]
blk_2208589726473895860,[4]
blk_2215517976324634098,[7]
blk_2241654010576170013,[1]
blk_2243777557693112935,[1]
blk_2244903517044280975,[9]
blk_22457656256024207,[7]
blk_2247786307216183697,[3]
blk_2253084440592362960,[3]
blk_2259206517962925438,[10]
blk_2261089810991980611,[1]
blk_2262752117989012641,[9]
blk_2270593866672608129,[3]
blk_2273334621242106674,[8]
blk_2278708746675870163,[7]
blk_2282833575688432184,[1]
blk_2294700909811950327,[3]
blk_2304296078821316612,[10]
blk_2312679955495839894,[2]
blk_231502148921342925,[3]
blk_2322432806134104317,[8]
blk_2341651676737321162,[10]
blk_2353918919834315845,[7]
blk_2377150260128098806,[2]
blk_2377944115560974127,[4]
blk_2380775154966815858,[4]
blk_2389216938154332862,[1]
blk_2403370969415186087,[7]
blk_241585185788373386,[3]
blk_2426255659473300323,[10]
blk_2430417102497887445,[2]
blk_2460145905812664251,[2]
blk_2468407162668753567,[10]
blk_2473550781612396886,[7]
blk_2474460483915499078,[3]
blk_247452006316846355,[10]
blk_2489882700357182381,[7]
blk_2508619583759354778,[1]
blk_2513940824125131775,[5]
blk_2529569087635823495,[1]
blk_2568309208894455676,[10]
blk_2570966823909513791,[1]
blk_2576408434603492552,[10]
blk_2583125615128303019,[4]
blk_2583600095045026513,[4]
blk_2593937801738981947,[2]
blk_2599050023684318911,[3]
blk_2616961363639592748,[3]
blk_2618566506268332756,[2]
blk_2630223487595425525,[5]
blk_2652444451422301232,[3]
blk_2657997043417110888,[10]
blk_2691304991047255190,[1]
blk_2708206493147801743,[7]
blk_271142976916798281,[4]
blk_2713941272199175167,[10]
blk_2731617036199392057,[7]
blk_2731746367139956284,[7]
blk_2735034460607366827,[4]
blk_2736251498135196075,[10]
blk_2737505352081488746,[4]
blk_2740792916077430444,[2]
blk_2749066163012162435,[2]
blk_2756799797410851893,[7]
blk_2771018387166611008,[3]
blk_278357163850888,[2]
blk_2819581679409796253,[1]
blk_2824047463816148563,[4]
blk_2833019093942278701,[1]
blk_283922378823540530,[1]
blk_2847401988110989655,[5]
blk_2851869865185325732,[1]
blk_285336326661214154,[5]
blk_2866275036574950116,[8]
blk_2869833078504290822,[10]
blk_2879780987351022871,[9]
blk_2904134648927436267,[6]
blk_2917692073041583988,[1]
blk_2937758977269298350,[4]
blk_2953550760670423417,[1]
blk_2957756905007569214,[1]
blk_2967299761311489673,[9]
blk_2969087638814291714,[9]
blk_2972699288862031202,[4]
blk_2974262690755997396,[1]
blk_2980964138205299397,[4]
blk_2986720270598512615,[8]
blk_300967862449910205,[2]
blk_3016571528120363023,[4]
blk_3020717811556957482,[4]
blk_3049351456771045311,[3]
blk_3050920587428079149,[2]
blk_3067558337579347170,[4]
blk_3068335169639013019,[3]
blk_3070718541088657475,[1]
blk_3073404534069578592,[2]
blk_3076992299328673559,[7]
blk_3079488924320077240,[2]
blk_3083630442630693250,[3]
blk_3084588477220583373,[3]
blk_3087787567144441647,[8]
blk_3088175971503531298,[1]
blk_3107521534415119817,[3]
blk_3134656542322449478,[2]
blk_313888672758374538,[4]
blk_3141363517520802396,[6]
blk_3160319368100972992,[1]
blk_3166960787499091856,[8]
blk_3169060243663461885,[9]
blk_3181161977343808286,[4]
blk_3202507081359904616,[2]
blk_3206064173813164493,[2]
blk_3221204570666147236,[7]
blk_3222673463853349950,[2]
blk_3224184805694764748,[3]
blk_3224393364314749254,[3]
blk_3231389654886008065,[10]
blk_3235988328669699941,[4]
blk_323887415551221572,[4]
blk_3242229894054064344,[3]
blk_3243316191092266549,[2]
blk_3248835454898465560,[4]
blk_325981833999429148,[2]
blk_3259872359515191972,[1]
blk_3274968259628929519,[7]
blk_3278280638950561822,[1]
blk_3280859030919654043,[10]
blk_3291173852929756766,[5]
blk_3304535870056962597,[3]
blk_3312198496468502316,[7]
blk_3318864983801406136,[1]
blk_3322875843051058970,[4]
blk_3332848207645320273,[10]
blk_3336810835691486095,[7]
blk_3338047823148530794,[1]
blk_3358274959811806117,[4]
blk_3376391218693716925,[5]
blk_3378157549705391333,[1]
blk_3386670145292909259,[3]
blk_3406384548372443486,[2]
blk_342378162324355732,[8]
blk_3428998332517532825,[10]
blk_3433046099598424314,[1]
blk_3441699978641526775,[9]
blk_344934934043642744,[2]
blk_345577139488306634,[4]
blk_3463540868626173125,[3]
blk_3480684347183600958,[3]
blk_34905976850091068,[1]
blk_3492869167398569662,[10]
blk_3506875694435075421,[2]
blk_3515154079719300106,[8]
blk_352185875883785141,[7]
blk_3539852484771802299,[10]
blk_3542047035353248258,[4]
blk_3550669278239526374,[3]
blk_355286618997526877,[10]
blk_356592557993755459,[10]
blk_358331073189608564,[10]
blk_3584162266158512993,[1]
blk_3585424189730250601,[2]
blk_3585588704565901062,[7]
blk_3586596428873150919,[3]
blk_3587508140051953248,[3]
blk_3598226258881465924,[4]
blk_3598904881888399067,[10]
blk_3637945019239882309,[10]
blk_3652427357251545055,[10]
blk_365496398062338141,[8]
blk_3695169334833427187,[1]
blk_3706543205492061794,[7]
blk_3729730843466061623,[10]
blk_3733339790842827121,[7]
blk_3735517274901501821,[10]
blk_3755116621101133849,[1]
blk_3763728533434719668,[9]
blk_3764801892187716497,[2]
blk_3764836840384130740,[5]
blk_3776895047834644694,[5]
blk_3777389444004341563,[3]
blk_3777399812922072863,[3]
blk_3777400576053320362,[3]
blk_3781645897486585075,[1]
blk_3790492230047189408,[9]
blk_3792448673967861371,[10]
blk_3797494971676497497,[8]
blk_3808164640986377400,[4]
blk_3813891701916249413,[3]
blk_3846795603907041885,[4]
blk_3848747149919646864,[9]
blk_3849239820458663566,[2]
blk_3852281952649038166,[3]
blk_3858015337960682724,[10]
blk_3862032846413436284,[7]
blk_387577766066135394,[5]
blk_3876184938151091897,[10]
blk_38865049064139660,[1]
blk_3894335463008345041,[6]
blk_3905759687686730625,[8]
blk_3911263675181899748,[2]
blk_391507259220628397,[7]
blk_391813102554451063,[1]
blk_3921292580505776296,[7]
blk_3922791077126964673,[1]
blk_392347292517057138,[4]
blk_3924177422736829493,[3]
blk_3940282600163903101,[1]
blk_3941798034503185737,[4]
blk_3946183108430554053,[10]
blk_3954386352306480748,[2]
blk_3958940914408609637,[1]
blk_3960527526103274525,[3]
blk_3961831045048378097,[3]
blk_3962600675982666210,[4]
blk_3963698556744744747,[8]
blk_3972778210951456006,[4]
blk_397848436489409658,[1]
blk_3979872751691718643,[8]
blk_4007982883396598426,[7]
blk_4029139044660806713,[15]
blk_4029732570544915384,[3]
blk_4031738712701565209,[3]
blk_4048438071314937575,[9]
blk_406835586147450451,[1]
blk_4068667188725811395,[1]
blk_4069436988023676023,[2]
blk_4081177399275502985,[8]
blk_4098532420907418423,[3]
blk_412956398445037066,[1]
blk_413552235254424009,[10]
blk_4149909442914612270,[4]
blk_4154740411570608045,[2]
blk_4162832865986721185,[7]
blk_4170936278386288557,[2]
blk_4178945095089206682,[1]
blk_4182287230523664560,[3]
blk_4198733391373026104,[4]
blk_4207359722112667226,[1]
blk_4210124392039605712,[5]
blk_4214952053910973364,[5]
blk_4225726256421431188,[5]
blk_4231049049582051919,[3]
blk_4233013542759682998,[4]
blk_4234385041723406944,[2]
blk_4238127626194855481,[4]
blk_423916008836295480,[2]
blk_424255210146453297,[9]
blk_424461424221613461,[9]
blk_4263664068073345850,[3]
blk_426381928692704514,[3]
blk_427477290315080955,[3]
blk_427714267500527780,[2]
blk_4284688617983009262,[4]
blk_4292382298896622412,[11]
blk_429279891070363457,[1]
blk_4294115716822011564,[3]
blk_4307207852226914003,[2]
blk_4318179566727871532,[2]
blk_4330492872922862223,[2]
blk_434034567989619521,[10]
blk_4343207286455274569,[4]
blk_4355450627202483068,[8]
blk_4357276972386184626,[9]
blk_4361294871479973840,[2]
blk_4365203784873840210,[7]
blk_4367982328407767477,[7]
blk_4385764838827095986,[2]
blk_4404895858852856851,[1]
blk_4414644179961808738,[4]
blk_4433676399725693167,[3]
blk_4438674026376140804,[10]
blk_4443043493758564822,[3]
blk_446513188203036714,[2]
blk_4471044334742081825,[10]
blk_4473390551542202999,[2]
blk_449049393237281194,[7]
blk_4499140370762613763,[10]
blk_4506604798892399878,[7]
blk_4513772639980123655,[7]
blk_4516306414837452219,[10]
blk_4524198807982839635,[9]
blk_4531288786306744275,[5]
blk_4539833452749813987,[3]
blk_4553790855855864497,[2]
blk_4565822428702518889,[1]
blk_4568377692254637284,[1]
blk_4568434182693165548,[2]
blk_4575129504644372394,[1]
blk_4577632468651859430,[2]
blk_4581070264530964999,[9]
blk_4585055992495043771,[2]
blk_4588471931728384541,[3]
blk_4599950495841528213,[4]
blk_4614530673206341566,[3]
blk_4628142183191390143,[2]
blk_4628975089896927394,[1]
blk_4631777956354958682,[10]
blk_4632283243694149854,[7]
blk_4638603954320058978,[1]
blk_4640277741339926850,[10]
blk_4641147544753118391,[2]
blk_465845235850106928,[4]
blk_4658551441818960395,[7]
blk_467589865104023338,[2]
blk_469126362137371425,[4]
blk_469871968689793326,[3]
blk_4713539908695785630,[7]
blk_4713968111267226537,[10]
blk_4738781172941319823,[10]
blk_4741107979793372752,[1]
blk_4742178675580222210,[4]
blk_4755566011267050000,[3]
blk_4774383661473695119,[3]
blk_4774656339381154282,[1]
blk_4777657900314457675,[2]
blk_4783621682384104986,[4]
blk_4786794545180705888,[1]
blk_4802366409699286298,[2]
blk_4812792845864526586,[2]
blk_481857539063371482,[9]
blk_4820650745157199554,[4]
blk_4834069779372284635,[10]
blk_4841101867353115844,[5]
blk_4848669047361069041,[8]
blk_4863571548336254624,[7]
blk_4873550540813847659,[1]
blk_48742413802609430,[3]
blk_4877808040461609832,[1]
blk_4884219613602801814,[1]
blk_4886940526690879848,[1]
blk_4893049344332234616,[2]
blk_4934527196392001803,[9]
blk_4939101994162863442,[7]
blk_49420377461855719,[3]
blk_4959462704623252283,[4]
blk_4963214289850966664,[9]
blk_496376132244907301,[5]
blk_4967370797322420259,[3]
blk_4967492069970766092,[1]
blk_4984150784048864430,[5]
blk_4984720043834039361,[2]
blk_4989329877491629543,[3]
blk_4992622607400168655,[2]
blk_5017373558217225674,[1]
blk_5018765878120211503,[1]
blk_5018797996887008111,[10]
blk_5062112794659861146,[3]
blk_5075966182561035053,[7]
blk_5095897972833086609,[2]
blk_5100975846124291571,[7]
blk_5106303344783117537,[5]
blk_5114010683183383297,[2]
blk_5114572025256210948,[1]
blk_5115892145206906855,[1]
blk_5118390778403008591,[3]
blk_512039711533506696,[2]
blk_5126469776250053435,[9]
blk_5163387277374142808,[10]
blk_5165786360127153975,[2]
blk_5174461779237739025,[3]
blk_5176179471361959897,[10]
blk_5176855630425795751,[2]
blk_5178539130945718870,[10]
blk_5183831565578080242,[5]
blk_5203504995927133832,[10]
blk_5209577451013188921,[7]
blk_5210211633167259832,[2]
blk_5216491057643255876,[4]
blk_5225719677049010638,[1]
blk_5240632065631390212,[8]
blk_5250287988089075029,[3]
blk_5256716488526744434,[4]
blk_5262186175243998904,[1]
blk_5272005015837990021,[7]
blk_5272731391668336674,[4]
blk_5272761429354463572,[2]
blk_5277338321835341602,[2]
blk_5335498635665743905,[4]
blk_5348548743130215090,[3]
blk_5379939266348893280,[3]
blk_5385121219895615240,[8]
blk_5390763359901143305,[2]
blk_5402003568334525940,[3]
blk_5406084276349645828,[3]
blk_541463031152673662,[2]
blk_5453150794205420798,[7]
blk_5454332143498402824,[8]
blk_5454423648092670683,[1]
blk_5489815612272797790,[2]
blk_5491101910066444061,[2]
blk_5496448884081025648,[10]
blk_549647953114643908,[1]
blk_5505696082121135363,[10]
blk_5525607749827896334,[4]
blk_5528471097481810388,[7]
blk_5547569777499890340,[9]
blk_5565611615515783341,[4]
blk_5570475465835003801,[2]
blk_5572208681898881669,[10]
blk_5574898547439146021,[2]
blk_557803157214911261,[3]
blk_5580254744888391593,[10]
blk_559204981722276126,[5]
blk_5600017220681756254,[3]
blk_560063894682806537,[3]
blk_5602895463700536678,[3]
blk_561417755647618727,[7]
blk_5616920288053661280,[10]
blk_5641239200978828454,[4]
blk_5646792755154529338,[2]
blk_5648034804629064273,[3]
blk_5663417083925711869,[1]
blk_566413670355737377,[3]
blk_5668137923110942035,[10]
blk_5689009809369418749,[10]
blk_5689516499354445029,[1]
blk_5701964561533648583,[7]
blk_5702487846232575705,[10]
blk_5708405953850477535,[5]
blk_570916157110129687,[10]
blk_572492839287299681,[1]
blk_5729560286355779655,[1]
blk_5733038550092620376,[2]
blk_5736622945587812309,[7]
blk_5739119717322549945,[8]
blk_5760391051658436046,[4]
blk_5771906433100975293,[7]
blk_5781019224640206392,[4]
blk_5781791720343455145,[2]
blk_578261619176233743,[2]
blk_5782729236964719738,[5]
blk_5792489080791696128,[4]
blk_5806397523737304814,[7]
blk_5809900021002850724,[2]
blk_5813361416484537967,[2]
blk_5813923864071791162,[3]
blk_5816171803790152026,[4]
blk_5834218936335592624,[3]
blk_5844313985011885282,[5]
blk_5868517220927475394,[10]
blk_5872617224009342667,[5]
blk_5881782374981838094,[4]
blk_5894088883762961800,[5]
blk_5905689738251144455,[7]
blk_5905933788014151041,[9]
blk_5912213716795619450,[1]
blk_591323161994959677,[4]
blk_5915244038969911075,[3]
blk_5938666289587069744,[2]
blk_5948455948626091880,[7]
blk_5952254363678329024,[8]
blk_5953577136151423920,[2]
blk_5955377624764578810,[2]
blk_5963655886023015963,[2]
blk_5963816136267066159,[1]
blk_5971534893446541111,[2]
blk_5977008528949258706,[4]
blk_5983149244832683042,[4]
blk_5989505185938770383,[4]
blk_6000837850922531821,[3]
blk_6002109944224710483,[2]
blk_6017354285686373326,[1]
blk_6030936529326346827,[1]
blk_6031076349976322578,[10]
blk_6039898256291822367,[2]
blk_6048652012880073760,[1]
blk_6051144263842600010,[7]
blk_6054235487623373096,[5]
blk_6055109613223910610,[1]
blk_6077744985764117617,[7]
blk_6080034782037237879,[2]
blk_6085274723649229095,[4]
blk_6085442148007558065,[7]
blk_608957629753483727,[5]
blk_6093743385844975689,[2]
blk_6093858391888371854,[10]
blk_6095704128062577668,[2]
blk_6105506155797750768,[8]
blk_6106884317961925960,[9]
blk_6107935679779418195,[4]
blk_6108023147232847992,[4]
blk_6123232805286187512,[1]
blk_6125469222540396851,[2]
blk_6137960563260046065,[1]
blk_6138894560185644209,[7]
blk_6140788650991100539,[5]
blk_6147898566868510104,[7]
blk_6148201552996212693,[7]
blk_6163400028286940197,[7]
blk_6170586659371027531,[2]
blk_6178964531181542074,[5]
blk_6204056282927975796,[1]
blk_621685330749869453,[2]
blk_6223504502438507199,[7]
blk_6238543795209416553,[2]
blk_6241141267506413726,[9]
blk_6245594177708848366,[4]
blk_6285161494041403917,[2]
blk_6296828743242110158,[8]
blk_6308888821787547357,[2]
blk_6323743466920239525,[3]
blk_6324712740029479576,[10]
blk_6329639726609402522,[3]
blk_6332892729727950039,[9]
blk_6338761369201338121,[8]
blk_6373260430960091026,[7]
blk_6374836031306809839,[5]
blk_6392434729242722288,[10]
blk_6398122733993275620,[4]
blk_6400082566804273401,"[5, 4]"
blk_6406847509870023726,[3]
blk_6413710007211667486,[10]
blk_6413965758113058023,[4]
blk_641646158310569454,[5]
blk_6417614801998326532,[4]
blk_6445339027653789144,[7]
blk_6446927133528675675,[3]
blk_6451403582950672007,[2]
blk_6465095458973828118,[1]
blk_6489659315944341351,[10]
blk_6490003020931145707,[3]
blk_6491424745418112176,[4]
blk_6491888411266994867,[7]
blk_6497260538939100482,[7]
blk_6499414220139660338,[7]
blk_6514181997629420906,[1]
blk_6516880861186877710,[3]
blk_6534693994677948144,[3]
blk_6542592144596063478,[7]
blk_6547729596040509998,[2]
blk_6552418180158772377,[8]
blk_6556854018013706836,[4]
blk_6563909003697001371,[4]
blk_6585429064641693815,[4]
blk_6601059760261449131,[5]
blk_6610244864386894422,[1]
blk_6628512193350164674,[4]
blk_6640583412927022083,[2]
blk_6655622109568310643,[8]
blk_666713934549639791,[8]
blk_6672666770563118759,[4]
blk_6675543598756975559,[2]
blk_6675564098604634452,[7]
blk_668295516093167045,[8]
blk_6685663454079607598,[3]
blk_6686361711974377273,[3]
blk_6690143611140381289,[5]
blk_6695517786834913217,[7]
blk_6698851413708497072,[3]
blk_6702054389824523327,[9]
blk_6730979070070986233,[3]
blk_673825774073966710,[2]
blk_6745520736924802462,[1]
blk_6746178639682808096,[3]
blk_6748710057489679257,[2]
blk_6749232449432458524,[5]
blk_6763863888784019261,[10]
blk_6791628131402590260,[1]
blk_679168189072909208,[1]
blk_6799391641508508235,[3]
blk_6807535563873595117,[4]
blk_6809155287484296510,[1]
blk_6818232325322327288,[1]
blk_6828121630547887549,[2]
blk_6828263829429857572,[7]
blk_6855535886504612774,[10]
blk_6868050965297613251,[4]
blk_6880728743505526406,[3]
blk_6881216037013929188,[10]
blk_6888300867578983331,[7]
blk_6894918622505820383,[3]
blk_691517018986659607,[4]
blk_6918427074195439966,[1]
blk_6921674711959888070,[3]
blk_692184983396207285,[3]
blk_6928449948805597176,[2]
blk_6943254721518837570,[7]
blk_6973321719929905054,[7]
blk_6975937964598933356,[1]
blk_6988110707613820142,[4]
blk_6996194389878584395,[6]
blk_699651392443620263,[4]
blk_7016884347337429710,[3]
blk_7017399031777870797,[10]
blk_703046261120042821,[1]
blk_703049809255765647,[1]
blk_703387617548630438,[1]
blk_7045475543362904558,[10]
blk_7048740572660501729,[10]
blk_7061131805920430446,[4]
blk_706826531153199550,[4]
blk_707166530951154301,"[1, 2]"
blk_7078766226078740026,[1]
blk_708101772844351082,[1]
blk_7090935285617451450,[7]
blk_7094265091490664593,[10]
blk_70980361971054326,[7]
blk_7108974241330205218,[7]
blk_712730845180531820,[1]
blk_7128370237687728475,[2]
blk_7154985168984871115,[9]
blk_7177118590277025973,[10]
blk_7190156588310412626,[7]
blk_7193551490488433552,[4]
blk_7194943883245628915,[3]
blk_7197514030988119866,[10]
blk_7206839389762980382,[7]
blk_7213990003235926706,[3]
blk_7224257732880626802,[3]
blk_7227035060836018780,[3]
blk_7229716389774599497,[4]
blk_727000711161641724,[1]
blk_7275457888263057111,[2]
blk_728165942214842306,[4]
blk_7294821275446427348,[3]
blk_7297060562345904886,[8]
blk_7323287581932922676,[7]
blk_7324196727355442810,[10]
blk_7330803663603700184,[3]
blk_7336636250384047238,[10]
blk_73389299186801686,[9]
blk_7345322407792942877,[1]
blk_7347539858784653625,[4]
blk_7360639743953947587,[7]
blk_7400944190976416273,[10]
blk_7412933088374169877,[1]
blk_7413830214932763926,[3]
blk_7415823309220171667,[2]
blk_7430820184211246929,[2]
blk_7434237665308221519,[2]
blk_7439201509602018752,[2]
blk_7453815855294711849,[2]
blk_7463248820468902190,[3]
blk_7473411975130090672,[10]
blk_7474737521119026445,[2]
blk_7481361125021302112,[2]
blk_7484759945731484842,[3]
blk_7489155602821840025,[9]
blk_7500282100357271699,[1]
blk_7501235595045510958,[3]
blk_7505828172725463922,[9]
blk_7513976340045981966,[4]
blk_7517964792804498202,[9]
blk_7519257846502835091,[7]
blk_752365829198406123,[3]
blk_7533949673910842243,[1]
blk_7534378757788640871,[3]
blk_753559000954836892,[10]
blk_7535677865140289610,[4]
blk_7541621664406141215,[10]
blk_7550266985912909372,[5]
blk_755689327380778318,[1]
blk_7572868180557515526,[4]
blk_7577595658377008671,[3]
blk_7580930377559819562,[4]
blk_7583807825342916938,[7]
blk_7589872946955471867,[3]
blk_7603278760520020831,[7]
blk_7606019272539977822,[10]
blk_7625391056418655045,[1]
blk_7627900514276120558,[1]
blk_7654726977769174867,[4]
blk_7661189768086976193,[4]
blk_7672124247291403094,[4]
blk_7679838117000095334,[3]
blk_7703498406755483188,[8]
blk_7705518309270121951,[2]
blk_7713504868233504097,[4]
blk_7720864196601815614,[5]
blk_7721951162137927252,[7]
blk_7733243482102436613,[4]
blk_773599351835388127,[7]
blk_7736147489540456118,[3]
blk_774612454978154966,[6]
blk_7754477838724397551,[7]
blk_7760079751081658559,[9]
blk_7780461223860192433,[4]
blk_7791237942696729620,[1]
blk_7819984111120374407,[10]
blk_7830067201550857864,[3]
blk_7837529475466774167,[1]
blk_7838843222458775811,[2]
blk_7841365850685201915,[10]
blk_7851643274522055587,[3]
blk_7855353385462032387,[7]
blk_7864850143895703065,[3]
blk_7872746846750105239,[3]
blk_7888946331804732825,[2]
blk_7891129742741763034,[4]
blk_7901008236334420364,[1]
blk_7908524857056299716,[5]
blk_7922331746517419368,[3]
blk_7924393760966842810,[4]
blk_7929144620252342335,[3]
blk_7932704730736035192,[10]
blk_7940316270494947483,[9]
blk_7942183449206967755,[7]
blk_797263375273454863,[7]
blk_7985460426680885040,[7]
blk_798664047382151445,[8]
blk_7996616083434301906,[4]
blk_8005746184358076390,[2]
blk_8007544297333060851,[4]
blk_8015913224713045110,[2]
blk_8048594464172649365,[12]
blk_8049943837789435742,[1]
blk_805187982300776163,[10]
blk_805587860540600864,[8]
blk_8059204889272489644,[9]
blk_8060713381303305129,[1]
blk_8063831442998721547,[2]
blk_8083872765147994327,[4]
blk_8087142318511408355,[4]
blk_8097409435735325492,[3]
blk_8102707766842966459,[7]
blk_8116683912654412228,[4]
blk_8145984793403459836,[7]
blk_8155177385081669900,[10]
blk_815809455641029563,[10]
blk_8181993091797661153,[2]
blk_8188837227311063557,[2]
blk_8189008752707332487,[7]
blk_8196657927516481490,[5]
blk_8201813022998766557,[4]
blk_8215843708467112607,[5]
blk_8222237992861447018,[4]
blk_8229193803249955061,[1]
blk_8229768485681546149,[1]
blk_8235751201501175836,[4]
blk_8247499802516177421,[10]
blk_8249475180346179102,[2]
blk_8254500345987409515,[1]
blk_826351419727053015,[7]
blk_8285441926344578159,[1]
blk_8291449241650212794,[3]
blk_8291708741145026623,[7]
blk_8302956190102508375,[3]
blk_8303284829424905326,[4]
blk_8303413189200230139,[7]
blk_830855781964014378,[7]
blk_8320088109701056055,[1]
blk_8323519561483823145,[2]
blk_8348114876238571434,[1]
blk_8350646254685996250,[10]
blk_8376667364205250596,[9]
blk_8384329882986724706,[10]
blk_8384967715738359346,[7]
blk_8404604116961181201,[10]
blk_8408125361497769001,[3]
blk_8418106412701718933,[1]
blk_8422946850755720617,[1]
blk_8436095180790908547,[7]
blk_8442157310069672329,[10]
blk_8452214765874767801,[4]
blk_8457344665564381337,[8]
blk_8459274965060101250,[1]
blk_8466246428293623262,[9]
blk_8473858691873523269,[4]
blk_8474920544984206742,[3]
blk_8478683141242372735,[9]
blk_8482111101480751895,[8]
blk_8483848473254499625,[7]
blk_8487226415276391460,[1]
blk_8492196963764530259,[7]
blk_8493856762887493521,[10]
blk_8512974147315737844,[2]
blk_8521306385156958668,[2]
blk_8527475857502481768,[2]
blk_8527562124953828227,[2]
blk_8550326614414622861,[1]
blk_8556592730481313831,[7]
blk_8561332122820208519,[5]
blk_8574493302165689212,[4]
blk_8591104451552720112,[8]
blk_8596624696139957935,"[4, 5]"
blk_859668537217019080,[1]
blk_8598135237831029828,[7]
blk_8602496359012842630,[10]
blk_8615522912610884162,[7]
blk_865453227320668516,[10]
blk_8655748951361667770,[3]
blk_8663640697928077697,[2]
blk_8692428775973608797,[4]
blk_8693774866554287286,[7]
blk_8699194381234371727,[3]
blk_8699831307500970779,[7]
blk_8708862520108736953,[5]
blk_8711213005689112399,[8]
blk_8716294289715825928,[5]
blk_871974742726663441,[1]
blk_8751697793900992450,[3]
blk_8752665860595246441,[4]
blk_8761138012128091849,[7]
blk_8761786041973172187,[2]
blk_8763662564934652249,[2]
blk_8767569714374844347,[14]
blk_8772892713521115147,[3]
blk_8787656642683881295,[8]
blk_8829027411458566099,[3]
blk_8842097432176169457,[1]
blk_8850044049297409379,[2]
blk_8854625173826438305,[1]
blk_8861349372992394289,[5]
blk_8871064397020855320,[10]
blk_8882415653769775762,[1]
blk_8894334107354324777,[2]
blk_8902425017314766082,[3]
blk_8907528844412790999,[4]
blk_8924207394547472950,[5]
blk_892900079071425422,[3]
blk_8929806114713265094,[7]
blk_8935202950442998446,[5]
blk_8942969309743886844,[4]
blk_8950932638808086257,[7]
blk_8952177028039691517,[2]
blk_8962411947457130719,[7]
blk_8968608251219902913,[3]
blk_8971893898579544235,[1]
blk_8981795097778421111,[10]
blk_8988793695103110546,[2]
blk_8992894896370738220,[4]
blk_8993862241777591326,[3]
blk_9014154925388243050,[7]
blk_901963876338651405,[7]
blk_9034824096129858680,[4]
blk_9034993982993401678,[5]
blk_903961454948542202,[1]
blk_9060964400089016309,[2]
blk_9072486569292195232,[3]
blk_9072829105973334075,[2]
blk_9074030793567748915,[1]
blk_9074726164158535746,[4]
blk_9076677650086747187,[4]
blk_9081834782322008396,[7]
blk_9085898147979939648,[10]
blk_9093049293972551787,[1]
blk_9093176996492793041,[2]
blk_9095955277706686312,[9]
blk_9103049989653819836,[3]
blk_9107849594802857322,[1]
blk_9111860234027679206,[10]
blk_9121519145462575118,[4]
blk_9131004320470011870,[4]
blk_9142114171015520823,[7]
blk_9146254623576405494,[4]
blk_9163807899833139121,[2]
blk_9169945668827621796,[7]
blk_9173199815015538212,[7]
blk_9188832735514090334,[6]
blk_9212264480425680329,[3]
blk_9216955386716663841,[8]
blk_92273823183917102,[4]
blk_92946806844541836,[7]
blk_931297048899943584,[4]
blk_939695665085237271,[2]
blk_955083461510572332,[3]
blk_995094303184954394,[4]
